contig	strand	gene1_id	gene1_start	gene1_end	gene1_length	gene1_length_score	gene2_id	gene2_start	gene2_end	gene2_length	gene2_length_score	distance	distance_score	TA_association_score	system_score	gene1_TA_domains	gene1_TA_families	gene1_TADB_hits	gene2_TA_domains	gene2_TA_families	gene2_TADB_hits	shared_family	gene1_toxin_score	gene1_antitoxin_score	gene2_toxin_score	gene2_antitoxin_score	gene1_type	gene2_type
NC_010645.1	-	cds-WP_082011714.1	262197	262607	411	0.404	cds-WP_082011715.1	261655	262050	396	0.446	147	0.017	0.281	0.003695647000465478	pfam01381;COG1396;cd00093;COG2856;COG3093;COG2944	relBE;vapBC;higBA;relBE higBA;hipBA;PIN;HTH		pfam01381;cd00093;COG1396;COG2856;COG2944;COG3620	relBE;vapBC;relBE higBA;hipBA;higBA;Xre;PIN;HTH		HTH;PIN;higBA;hipBA;relBE;relBE higBA;vapBC	0.03721287135733712	0.9627871286426629	0.03499010683208952	0.9650098931679105	antitoxin	antitoxin
NC_010645.1	-	cds-WP_012416632.1	1014817	1015050	234	0.508	cds-WP_039051605.1	1014558	1014836	279	0.619	-19	0.818	0.95	0.9931445057630042	COG2929;PF04365.12	brnTA;RHH		PF14384.5;COG3514	brnTA;RHH		RHH;brnTA	1.0	0.0	0.0	1.0	toxin	antitoxin
NC_010645.1	-	cds-WP_012416992.1	1390779	1391033	255	0.571	cds-WP_012416991.1	1390469	1390795	327	0.652	-16	0.844	0.785	0.9800666255866419	COG2026;pfam05016;PF05973.13;COG4679	relBE;paaR-paaA-parE;phd-doc;pasABC;higBA		COG1396;pfam01381;cd00093;COG2944;COG2856;COG5642;COG3620	relBE;vapBC;Xre;relBE higBA;hipBA;higBA;PIN;HTH		higBA;relBE	0.9266061049770129	0.07339389502298711	0.031157700899808512	0.9688422991001914	toxin	antitoxin
NC_010645.1	-	cds-WP_012417133.1	1515329	1515595	267	0.599	cds-WP_012417132.1	1515064	1515342	279	0.619	-13	0.855	0.95	0.996378710531211	COG2929;PF04365.12	brnTA;RHH		COG3514;PF14384.5;PF12441.6	RHH;brnTA		RHH;brnTA	1.0	0.0	0.0	1.0	toxin	antitoxin
NC_010645.1	-	cds-WP_012417164.1	1539048	1539347	300	0.647	cds-WP_012417163.1	1538731	1539051	321	0.655	-3	0.87	0.322	0.9173138344012118	COG2026	relBE;phd-doc;paaR-paaA-parE		COG2944;cd00093;pfam01381;pfam01381;COG1396;ENOG410ZNN6;COG3093	relBE;vapBC;higBA;relBE higBA;hipBA;Xre;HTH		relBE	0.9471698113207547	0.052830188679245285	0.008714463382408666	0.9912855366175913	toxin	antitoxin
NC_010645.1	+	cds-WP_012417720.1	2196741	2197211	471	0.257	cds-WP_012417721.1	2197260	2197538	279	0.619	49	0.083	0.0	0.0	COG0640;COG1396	hipBA;ArsR family HTH		PF09957.7;PF09957.7	RHH			0.04305336670683847	0.9569466332931615	0.0	1.0	antitoxin	antitoxin
