contig	strand	gene1_id	gene1_start	gene1_end	gene1_length	gene1_length_score	gene2_id	gene2_start	gene2_end	gene2_length	gene2_length_score	distance	distance_score	TA_association_score	system_score	gene1_TA_domains	gene1_TADB_hits	gene2_TA_domains	gene2_TADB_hits
NC_010645.1	-	cds-WP_082011714.1	262197	262607	411	0.404	cds-WP_082011715.1	261655	262050	396	0.446	147	0.017	0.281	0.003695647000465478	HTH_3;NOG.COG1396.clustalo_raw;cd00093_HTH_XRE;NOG.COG2856.meta_raw;NOG.COG3093.meta_raw;NOG.COG2944.meta_raw		HTH_3;cd00093_HTH_XRE;NOG.COG1396.clustalo_raw;NOG.COG2856.meta_raw;NOG.COG2944.meta_raw;NOG.COG3620.meta_raw	
NC_010645.1	-	cds-WP_012416632.1	1014817	1015050	234	0.508	cds-WP_039051605.1	1014558	1014836	279	0.619	-19	0.818	0.95	0.9931445057630042	NOG.COG2929.meta_raw;BrnT_toxin		BrnA_antitoxin;NOG.COG3514.meta_raw	
NC_010645.1	-	cds-WP_012416992.1	1390779	1391033	255	0.571	cds-WP_012416991.1	1390469	1390795	327	0.652	-16	0.844	0.785	0.9800666255866419	NOG.COG2026.meta_raw;ParE_toxin;Gp49;NOG.COG4679.meta_raw		NOG.COG1396.clustalo_raw;HTH_3;cd00093_HTH_XRE;NOG.COG2944.meta_raw;NOG.COG2856.meta_raw;NOG.COG5642.clustalo_raw;NOG.COG3620.meta_raw	
NC_010645.1	-	cds-WP_012417133.1	1515329	1515595	267	0.599	cds-WP_012417132.1	1515064	1515342	279	0.619	-13	0.855	0.95	0.996378710531211	NOG.COG2929.meta_raw;BrnT_toxin		NOG.COG3514.meta_raw;BrnA_antitoxin;CopG_antitoxin	
NC_010645.1	-	cds-WP_012417164.1	1539048	1539347	300	0.647	cds-WP_012417163.1	1538731	1539051	321	0.655	-3	0.87	0.322	0.9173138344012118	NOG.COG2026.meta_raw		NOG.COG2944.meta_raw;cd00093_HTH_XRE;HTH_3;HTH_3;NOG.COG1396.clustalo_raw;NOG.ENOG410ZNN6.meta_raw;NOG.COG3093.meta_raw	
NC_010645.1	+	cds-WP_012417720.1	2196741	2197211	471	0.257	cds-WP_012417721.1	2197260	2197538	279	0.619	49	0.083	0.0	0.0	NOG.COG0640.clustalo_raw;NOG.COG1396.clustalo_raw		VapB_antitoxin;VapB_antitoxin	
