contig	gene1_id	gene2_id	system_score	gene1_TA_domains	gene1_TADB_hits	gene2_TA_domains	gene2_TADB_hits	top_family	gene1_type	gene2_type	valid_system
NC_010645.1	cds-WP_082011714.1	cds-WP_082011715.1	0.004284341458025676	pfam01381;COG1396;cd00093;COG2856		pfam01381;cd00093;COG1396;COG2856;COG2944		higBA;relBE;vapBC	antitoxin	antitoxin	False
NC_010645.1	cds-WP_012416632.1	cds-WP_039051605.1	1.0	COG2929;PF04365.12		PF14384.5;COG3514		brnTA	toxin	antitoxin	True
NC_010645.1	cds-WP_012416992.1	cds-WP_012416991.1	0.8634312181630986	COG2026;pfam05016		COG1396;pfam01381;cd00093;COG2944;COG2856		relBE	toxin	antitoxin	True
NC_010645.1	cds-WP_012417133.1	cds-WP_012417132.1	1.0	COG2929;PF04365.12		COG3514;PF14384.5		RHH	toxin	antitoxin	True
NC_010645.1	cds-WP_012417164.1	cds-WP_012417163.1	0.9162199560446043	COG2026		COG2944;cd00093;pfam01381;pfam01381		relBE	toxin	antitoxin	True
